{
    "blogs" : [
        {
            "id":1, 
            "title":"Blog#1",
            "body":"Lorem ipsum ...",
            "author":"Author#1"
        },
        {
            "id":2, 
            "title":"Blog#2",
            "body":"Lorem ipsum ... Lorem ipsum ...",
            "author":"Author#2"
        },
        {
            "id":3, 
            "title":"Blog#3",
            "body":"Lorem ipsum ... Lorem ipsum ... Lorem ipsum ...",
            "author":"Author#3"
        }
    ]
}