{
  "blogs": [
    {
      "id": 1,
      "title": "Blog#1",
      "content": "Lorem ipsum ...",
      "author": "Author#1"
    },
    {
      "id": 2,
      "title": "Blog#2",
      "content": "Lorem ipsum ... Lorem ipsum ...",
      "author": "Author#2"
    },
    {
      "id": 3,
      "title": "Blog#3",
      "content": "Lorem ipsum ... Lorem ipsum ... Lorem ipsum ...",
      "author": "Author#3"
    },
    {
      "title": "Blog#4",
      "author": "Author#3",
      "content": "Lorem Ipsum ... Lorem Ipsum ... Lorem Ipsum ... Lorem Ipsum ...",
      "id": 4
    },
    {
      "title": "Blog#5",
      "author": "Author#2",
      "content": "Lorem Ipsum ... Lorem Ipsum ... Lorem Ipsum ... Lorem Ipsum ... Lorem Ipsum ...",
      "id": 5
    },
    {
      "title": "Blog#6",
      "author": "Author#1",
      "content": "Lorem Ipsum ... Lorem Ipsum ... Lorem Ipsum ... Lorem Ipsum ... Lorem Ipsum ... Lorem Ipsum ...",
      "id": 6
    },
    {
      "title": "Blog#7",
      "author": "Author#2",
      "content": "Lorem Ipsum ... Lorem Ipsum ... Lorem Ipsum ... Lorem Ipsum ... Lorem Ipsum ... Lorem Ipsum ... Lorem Ipsum ... ",
      "id": 7
    },
    {
      "title": "Blog#8",
      "author": "Author#3",
      "content": "Lorem Ipsum ... Lorem Ipsum ... Lorem Ipsum ... Lorem Ipsum ... Lorem Ipsum ... Lorem Ipsum ... Lorem Ipsum ... Lorem Ipsum ... ",
      "id": 8
    },
    {
      "title": "Blog#9",
      "author": "Author#1",
      "content": "Lorem Ipsum ... Lorem Ipsum ... Lorem Ipsum ... Lorem Ipsum ... Lorem Ipsum ... Lorem Ipsum ... Lorem Ipsum ... Lorem Ipsum ... Lorem Ipsum ... ",
      "id": 9
    },
    {
      "title": "Blog#10",
      "author": "Author#3",
      "content": "Lorem Ipsum ... Lorem Ipsum ... Lorem Ipsum ... Lorem Ipsum ... Lorem Ipsum ... Lorem Ipsum ... Lorem Ipsum ... Lorem Ipsum ... Lorem Ipsum ... Lorem Ipsum ... ",
      "id": 10
    }
  ]
}